<?xml version="1.0" encoding="UTF-8"?>
<project-private xmlns="http://www.netbeans.org/ns/project-private/1">
    <editor-bookmarks xmlns="http://www.netbeans.org/ns/editor-bookmarks/2" lastBookmarkId="0"/>
    <open-files xmlns="http://www.netbeans.org/ns/projectui-open-files/2">
        <group>
            <file>file:/C:/Users/theca/Documents/NetBeansProjects/java2_project_khan_manzani_sakalli/src/java2_project_khan_manzani_sakalli/EmployeeIO.java</file>
            <file>file:/C:/Users/theca/Documents/NetBeansProjects/java2_project_khan_manzani_sakalli/src/java2_project_khan_manzani_sakalli/EmployeeView.fxml</file>
            <file>file:/C:/Users/theca/Documents/NetBeansProjects/java2_project_khan_manzani_sakalli/src/java2_project_khan_manzani_sakalli/Employee.java</file>
            <file>file:/C:/Users/theca/Documents/NetBeansProjects/java2_project_khan_manzani_sakalli/src/java2_project_khan_manzani_sakalli/EmployeeController.java</file>
            <file>file:/C:/Users/theca/Documents/NetBeansProjects/java2_project_khan_manzani_sakalli/src/java2_project_khan_manzani_sakalli/EmployeeSearch.java</file>
            <file>file:/C:/Users/theca/Documents/NetBeansProjects/java2_project_khan_manzani_sakalli/src/java2_project_khan_manzani_sakalli/MainApp.java</file>
        </group>
    </open-files>
</project-private>
