1,Aalex,Manager,true,Male
2,Balex,Sales,true,Male
4,Dalex,Manager,true,Male
6,Ralex,Marketing,false,Other
7,Yalex,Human Resources,true,Other
8,Galex,Marketing,true,Female
9,Nalex,Sales,true,Other
10,Palex,Information Technology,true,Female
12,Lalex,Information Technology,true,Male
13,Salex,Information Technology,true,Other
14,Zalex,Sales,false,Other
17,Malex,Marketing,false,Female
18,Walex,Information Technology,false,Male
20,Qalex,Marketing,false,Female
21,Talex,Manager,true,Male
22,Ualex,Manager,true,Female
